setting,strategy,period,months,mean_excess_annual,volatility_annual,sharpe,sharpe_minus_1n,p_value_vs_1n,certainty_equivalent,max_drawdown
"window 60m, costs 0bp",1/N (equal weight),full,680,0.07661117647058824,0.15243955731581443,0.5025675606750165,0.0,1.0,0.0649922671532675,-0.495465639846573
"window 60m, costs 0bp",1/N (equal weight),1970-2004,420,0.0651792857142857,0.1530430689726846,0.42588851721157656,0.0,1.0,0.05346819523399675,-0.4579392191736126
"window 60m, costs 0bp",1/N (equal weight),2005-latest,260,0.09507807692307696,0.15160177004625572,0.6271567732623924,0.0,1.0,0.08358652858249806,-0.4954656398465731
"window 60m, costs 0bp",Minimum variance (sample),full,680,0.0703698632839732,0.12631500501284593,0.557098210753479,0.05453065007846247,0.45781326941530676,0.06239212303827555,-0.3992676093940616
"window 60m, costs 0bp",Minimum variance (sample),1970-2004,420,0.06345127843124611,0.13012741893866298,0.4876088294747058,0.06172031226312924,0.510104138629178,0.05498470585142695,-0.3992676093940616
"window 60m, costs 0bp",Minimum variance (sample),2005-latest,260,0.08154603881530156,0.12007722381739158,0.6791132924534744,0.05195651919108202,0.6591891219454142,0.07433676897545559,-0.35307058803943336
"window 60m, costs 0bp",Minimum variance (shrinkage),full,680,0.0719709677259026,0.125690400338472,0.5726051276158863,0.07003756694086982,0.28891654293073366,0.06407192935727991,-0.39227174353488514
"window 60m, costs 0bp",Minimum variance (shrinkage),1970-2004,420,0.06508080862206836,0.12946173107726308,0.5027030619822931,0.07681454477071653,0.3551553810428407,0.05670063871530756,-0.39227174353488514
"window 60m, costs 0bp",Minimum variance (shrinkage),2005-latest,260,0.0831012247397887,0.11952231175739006,0.6952779235768969,0.0681211503145045,0.5300140078678073,0.07595843323587333,-0.36169722780397373
"window 60m, costs 0bp",Maximum Sharpe (sample),full,680,0.07527470876286455,0.16357448318168352,0.4601861323275972,-0.042381428347419314,0.5831252246542669,0.061896402988787104,-0.44501779299912225
"window 60m, costs 0bp",Maximum Sharpe (sample),1970-2004,420,0.05990097255815613,0.17088953011353464,0.3505245319497306,-0.07536398526184596,0.438019045915095,0.045299356806943795,-0.44501779299912225
"window 60m, costs 0bp",Maximum Sharpe (sample),2005-latest,260,0.10010920570893199,0.1510574050889432,0.662722927419462,0.03556615415706965,0.7785184927880626,0.08870003589282946,-0.4178244312182331
"window 60m, costs 0bp",Maximum Sharpe (shrinkage),full,680,0.07078093913893763,0.1480429554742571,0.47811082203938826,-0.02445673863562825,0.7255157003954498,0.059822580806161194,-0.4322369993767854
"window 60m, costs 0bp",Maximum Sharpe (shrinkage),1970-2004,420,0.05749655700013602,0.15775716020013375,0.3644624239381261,-0.061426093273450444,0.48678915300297176,0.045052896202930695,-0.4322369993767854
"window 60m, costs 0bp",Maximum Sharpe (shrinkage),2005-latest,260,0.0922403256708479,0.13089399518059724,0.7046948604753178,0.07753808721292543,0.48071025739295026,0.0836737066836788,-0.40160910100747815
"window 60m, costs 0bp",Minimum CVaR 90% (tail risk),full,680,0.06797011970455205,0.13050632195559367,0.5208185985632151,0.018251037888198596,0.8131030642938524,0.05945416966936351,-0.42819766600187736
"window 60m, costs 0bp",Minimum CVaR 90% (tail risk),1970-2004,420,0.05863023641738343,0.13387625806106052,0.43794349548254,0.012054978270963468,0.9036653995922692,0.049668810181167596,-0.41351439152027325
"window 60m, costs 0bp",Minimum CVaR 90% (tail risk),2005-latest,260,0.0830576234761321,0.12500192660742745,0.6644507467231063,0.03729397346071395,0.7589736838833301,0.07524488264834776,-0.4281976660018775
"window 60m, costs 50bp",1/N (equal weight),full,680,0.07512565721017156,0.15247944689773058,0.49269366290762484,0.0,1.0,0.06350066634705265,-0.49675494579667623
"window 60m, costs 50bp",1/N (equal weight),1970-2004,420,0.06368440413392851,0.15311040252371616,0.41593780098686667,0.0,1.0,0.05196300645344131,-0.45934535873318094
"window 60m, costs 50bp",1/N (equal weight),2005-latest,260,0.09360768141025644,0.1515966980325273,0.6174783661196337,0.0,1.0,0.08211690198307381,-0.49675494579667645
"window 60m, costs 50bp",Minimum variance (sample),full,680,0.06406164062209765,0.12629073547953468,0.5072552660244725,0.014561603116847621,0.8423470213018194,0.05608696568811677,-0.4085198956445273
"window 60m, costs 50bp",Minimum variance (sample),1970-2004,420,0.05732403619716575,0.13001688776153272,0.4408968495100822,0.02495904852321551,0.7894369717462952,0.04887184064556825,-0.4085198956445273
"window 60m, costs 50bp",Minimum variance (sample),2005-latest,260,0.07494546315467998,0.12020756294439366,0.6234671206947993,0.005988754575165567,0.9592889343769477,0.0677205340601648,-0.3637260667934311
"window 60m, costs 50bp",Minimum variance (shrinkage),full,680,0.06643893428173443,0.12563073216438625,0.5288430078939594,0.0361493449863346,0.5828818694957494,0.05854739384965456,-0.3997280398047153
"window 60m, costs 50bp",Minimum variance (shrinkage),1970-2004,420,0.059481155033978564,0.12931235394748555,0.45998045212396466,0.04404265113709799,0.5950540028863385,0.051120312592258674,-0.3997280398047153
"window 60m, costs 50bp",Minimum variance (shrinkage),2005-latest,260,0.07767842383580155,0.11961802946983786,0.6493872552497486,0.031908889130114915,0.7676881611986888,0.07052418734867805,-0.3696388240655165
"window 60m, costs 50bp",Maximum Sharpe (sample),full,680,0.05873778807656713,0.16457701291291138,0.35690153221853155,-0.1357921306890933,0.079522237084511,0.045194991486898824,-0.4562116567011011
"window 60m, costs 50bp",Maximum Sharpe (sample),1970-2004,420,0.04211728945705633,0.1717517102296279,0.2452219509240783,-0.17071585006278836,0.08024920388390289,0.027367964473655294,-0.4562116567011011
"window 60m, costs 50bp",Maximum Sharpe (sample),2005-latest,260,0.08558628584654605,0.1522786609305375,0.5620372895555376,-0.05544107656409614,0.661352779867078,0.07399189055914723,-0.42913609794985674
"window 60m, costs 50bp",Maximum Sharpe (shrinkage),full,680,0.05698445662839223,0.1485678110767604,0.38355856639060343,-0.10913509651702141,0.11881299641443843,0.045948259384322246,-0.4472008105242967
"window 60m, costs 50bp",Maximum Sharpe (shrinkage),1970-2004,420,0.042119971887546695,0.15824470983860414,0.26616985762434275,-0.14976794336252391,0.09233823142922626,0.02959927779159469,-0.4472008105242967
"window 60m, costs 50bp",Maximum Sharpe (shrinkage),2005-latest,260,0.08099631659437345,0.13143973347613208,0.6162239868592053,-0.0012543792604283732,0.9908920483884398,0.07235811482623514,-0.4130600368429147
"window 60m, costs 50bp",Minimum CVaR 90% (tail risk),full,680,0.06099148034170454,0.13207921032032813,0.4617795654121762,-0.030914097495448656,0.6880723003992735,0.052269021442283806,-0.44783871387478813
"window 60m, costs 50bp",Minimum CVaR 90% (tail risk),1970-2004,420,0.05172008583121346,0.1355732915094766,0.3814917027930844,-0.03444609819378225,0.7293498383088672,0.042530027145856686,-0.42648610910276286
"window 60m, costs 50bp",Minimum CVaR 90% (tail risk),2005-latest,260,0.07596834839711324,0.12636836322087575,0.6011658809280472,-0.016312485191586457,0.8925121382260441,0.06798386678555164,-0.44783871387478813
"window 120m, costs 0bp",1/N (equal weight),full,680,0.07661117647058824,0.15243955731581443,0.5025675606750165,0.0,1.0,0.0649922671532675,-0.495465639846573
"window 120m, costs 0bp",1/N (equal weight),1970-2004,420,0.0651792857142857,0.1530430689726846,0.42588851721157656,0.0,1.0,0.05346819523399675,-0.4579392191736126
"window 120m, costs 0bp",1/N (equal weight),2005-latest,260,0.09507807692307696,0.15160177004625572,0.6271567732623924,0.0,1.0,0.08358652858249806,-0.4954656398465731
"window 120m, costs 0bp",Minimum variance (sample),full,680,0.07075032623724523,0.12585143607636962,0.5621733723746486,0.05960581169963208,0.4258941266228349,0.06283103425600296,-0.3641067789336323
"window 120m, costs 0bp",Minimum variance (sample),1970-2004,420,0.06232544061459546,0.13008929320587756,0.4790973882528523,0.05320887104127575,0.5846588518899156,0.05386382851119306,-0.3641067789336323
"window 120m, costs 0bp",Minimum variance (sample),2005-latest,260,0.08435975685844871,0.11882744842158116,0.7099349348910826,0.08277816162869023,0.4738041935495503,0.07729977560925694,-0.34892787797884595
"window 120m, costs 0bp",Minimum variance (shrinkage),full,680,0.07168211161020187,0.12543067645915076,0.5714878818623506,0.06892032118733404,0.32624044655496043,0.06381568431170179,-0.36417866920787034
"window 120m, costs 0bp",Minimum variance (shrinkage),1970-2004,420,0.06356296852984894,0.12937231052564904,0.49131818293719887,0.06542966572562231,0.4730028255044414,0.05519437116447645,-0.36417866920787034
"window 120m, costs 0bp",Minimum variance (shrinkage),2005-latest,260,0.08479765043231047,0.11893493596941829,0.7129751215749968,0.08581834831260438,0.42977157437120606,0.07772489093528565,-0.3534633917847996
"window 120m, costs 0bp",Maximum Sharpe (sample),full,680,0.07543751269007427,0.16679417887687298,0.4522790495330297,-0.05028851114198679,0.5390426722172881,0.06152736363646912,-0.4733420888952069
"window 120m, costs 0bp",Maximum Sharpe (sample),1970-2004,420,0.05951540980732166,0.17451662362838014,0.34103003238279,-0.08485848482878655,0.4058389883469553,0.044287383845996814,-0.4733420888952069
"window 120m, costs 0bp",Maximum Sharpe (sample),2005-latest,260,0.10115783273144385,0.15353857609209623,0.6588431083975071,0.03168633513511476,0.8162054937602004,0.08937078555724964,-0.4723768312266833
"window 120m, costs 0bp",Maximum Sharpe (shrinkage),full,680,0.06542840910636356,0.14193982389607712,0.4609587873961837,-0.041608773278832833,0.5468821826786918,0.05535495230253888,-0.4664631011941248
"window 120m, costs 0bp",Maximum Sharpe (shrinkage),1970-2004,420,0.051757863988690936,0.14744685165369678,0.3510272576741944,-0.07486125953738215,0.3787782243617328,0.04088757695739731,-0.4664631011941248
"window 120m, costs 0bp",Maximum Sharpe (shrinkage),2005-latest,260,0.08751159737337318,0.13259143783805336,0.660009415391207,0.03285264212881467,0.7794063545697347,0.078721352679392,-0.44865502209426456
"window 120m, costs 0bp",Minimum CVaR 90% (tail risk),full,680,0.06332617829216257,0.12821196971768664,0.49391783334740247,-0.008649727327614043,0.9089236329483059,0.05510702370271807,-0.3734628220909282
"window 120m, costs 0bp",Minimum CVaR 90% (tail risk),1970-2004,420,0.051639712519853574,0.13210328726456463,0.3909040689989355,-0.03498444821264107,0.7226183733718838,0.042914073266801536,-0.3539259207366987
"window 120m, costs 0bp",Minimum CVaR 90% (tail risk),2005-latest,260,0.0822043153089694,0.12171592523342684,0.6753784695907123,0.04822169632831996,0.6787889839701897,0.07479693208125482,-0.3734628220909283
"window 120m, costs 50bp",1/N (equal weight),full,680,0.07512565721017156,0.15247944689773058,0.49269366290762484,0.0,1.0,0.06350066634705265,-0.49675494579667623
"window 120m, costs 50bp",1/N (equal weight),1970-2004,420,0.06368440413392851,0.15311040252371616,0.41593780098686667,0.0,1.0,0.05196300645344131,-0.45934535873318094
"window 120m, costs 50bp",1/N (equal weight),2005-latest,260,0.09360768141025644,0.1515966980325273,0.6174783661196337,0.0,1.0,0.08211690198307381,-0.49675494579667645
"window 120m, costs 50bp",Minimum variance (sample),full,680,0.06720135913159785,0.1256641283906241,0.534769627516167,0.04207596460854213,0.5731981648030806,0.05930562254951022,-0.36921928130054016
"window 120m, costs 50bp",Minimum variance (sample),1970-2004,420,0.05856648507906672,0.12981337437464532,0.4511590994471961,0.03522129846032945,0.716898893339105,0.05014072899580081,-0.36921928130054016
"window 120m, costs 50bp",Minimum variance (sample),2005-latest,260,0.08115000183184046,0.11879058301696728,0.6831349739250754,0.06565660780544169,0.5691651088958161,0.07409440052508495,-0.353273402381563
"window 120m, costs 50bp",Minimum variance (shrinkage),full,680,0.06833353622062532,0.1252376743694111,0.5456308300572815,0.05293716714965668,0.4498983258046141,0.06049129867989599,-0.3686119849766637
"window 120m, costs 50bp",Minimum variance (shrinkage),1970-2004,420,0.05990600114400552,0.12909263695055798,0.4640543609543688,0.04811655996750214,0.5969918774377851,0.051573546686581234,-0.3686119849766637
"window 120m, costs 50bp",Minimum variance (shrinkage),2005-latest,260,0.08194724672901114,0.11888575965829724,0.6892940497208818,0.07181568360124813,0.5080181676475901,0.07488033480424594,-0.35720630611465465
"window 120m, costs 50bp",Maximum Sharpe (sample),full,680,0.06564207938946727,0.1672270273640101,0.39253271689498725,-0.10016094601263759,0.2208199269057496,0.05165964004896558,-0.4773686689020641
"window 120m, costs 50bp",Maximum Sharpe (sample),1970-2004,420,0.049322963445250584,0.1749089274239448,0.2819922583236786,-0.1339455426631881,0.1895848091313712,0.0340263969989532,-0.47617599309926795
"window 120m, costs 50bp",Maximum Sharpe (sample),2005-latest,260,0.09200372822243268,0.15403519642660765,0.5972902970021479,-0.02018806911748583,0.8820126396873178,0.08014030735334088,-0.4773686689020642
"window 120m, costs 50bp",Maximum Sharpe (shrinkage),full,680,0.05705479354612461,0.1421866352785568,0.4012669224104571,-0.09142674049716776,0.18559807841033082,0.04694627392020595,-0.47480618179152567
"window 120m, costs 50bp",Maximum Sharpe (shrinkage),1970-2004,420,0.04229350237470979,0.14754240852553355,0.2866531921050381,-0.12928460888182858,0.12895231289691056,0.03140912121795207,-0.47480618179152567
"window 120m, costs 50bp",Maximum Sharpe (shrinkage),2005-latest,260,0.08089995620764089,0.1330705448223084,0.6079478844523265,-0.009530481667307189,0.9351586561285943,0.0720460712579879,-0.45707714927728527
"window 120m, costs 50bp",Minimum CVaR 90% (tail risk),full,680,0.05801559092782136,0.1293489756548408,0.4485199100658681,-0.04417375284175673,0.5575633520555883,0.049650012176343065,-0.3840132463164978
"window 120m, costs 50bp",Minimum CVaR 90% (tail risk),1970-2004,420,0.046917399382059466,0.13328924562336728,0.35199688589005146,-0.06394091509681521,0.5149781332949748,0.0380343878826363,-0.3643423011469542
"window 120m, costs 50bp",Minimum CVaR 90% (tail risk),2005-latest,260,0.07594343880943671,0.12279275205464274,0.6184684155921669,0.0009900494725332276,0.9931856403976649,0.06840440883086023,-0.38401324631649747
