investor,asset,months,volatility_unhedged,volatility_hedged,risk_change_from_hedging,mean_unhedged_annual,mean_hedged_annual,corr_us_stocks_vs_dollar,min_variance_hedge_ratio,max_drawdown_unhedged,max_drawdown_hedged
euro,US market,331,0.15673728873550877,0.15685890074883954,0.0007758971353395427,0.09800911804074883,0.09028944476567569,-0.29418346652506483,0.49777949376100555,-0.5818969965755878,-0.5090249310946906
euro,NODUR,331,0.12986495841119053,0.12759419753606632,-0.017485555017345833,0.08578221176965214,0.07806253849457909,-0.3378269596430422,0.5340396030001268,-0.35443968968591744,-0.33785312747521923
euro,DURBL,331,0.3240992976938978,0.3268373599979335,0.008448220417378804,0.1268645712400316,0.11914489796495846,-0.1663211257363985,0.39622642026756144,-0.7683543960896847,-0.7499728936757963
euro,MANUF,331,0.19740106086635353,0.20483828881376123,0.03767572430850774,0.12412523347405628,0.11640556019898315,-0.30487599514396263,0.32581915669990497,-0.548849956261731,-0.6068475272030003
euro,ENRGY,331,0.24323939428024396,0.24719699303748102,0.016270385678881283,0.12348368815282004,0.11576401487774693,-0.22855863090795078,0.38698939809474936,-0.6041251774548536,-0.6742209603604785
euro,CHEMS,331,0.14705018658633606,0.1509946967090063,0.026824244254558316,0.0821647391804576,0.07444506590538458,-0.3452000800913553,0.4315490487589312,-0.3414714845475936,-0.4441409874884409
euro,BUSEQ,331,0.23950593177473833,0.2375801106148827,-0.008040807781190651,0.1278633773019521,0.12014370402687899,-0.17231012207921234,0.5534955192874885,-0.8080799087503369,-0.7930188952428939
euro,TELCM,331,0.18465087253120083,0.18343012029294378,-0.006611137123388233,0.04682775363661475,0.039108080361541585,-0.2321979924940462,0.5261622844554696,-0.7735121261340598,-0.7189862573393517
euro,UTILS,331,0.15737751174633433,0.1478900469183249,-0.06028475557106017,0.09743082741079197,0.08971115413571891,-0.21169820388554975,0.6686302852983558,-0.49674227455713127,-0.3813421253169962
euro,SHOPS,331,0.1697729796547887,0.16130874521397853,-0.04985619300563082,0.10919234951980547,0.10147267624473238,-0.19187362215572426,0.6631652367260727,-0.4266628173019029,-0.3875440340534796
euro,HLTH,331,0.15167068775668238,0.14447251143082823,-0.04745924497554743,0.09341556673277512,0.08569589345770202,-0.2417597938467769,0.6241163475870207,-0.5146747093069901,-0.3397077108264319
euro,MONEY,331,0.194745789428632,0.19835225749855984,0.018518850037831047,0.09363223117030267,0.08591255789522947,-0.26949537502484633,0.41745558006385025,-0.7081541088144667,-0.7330407542250996
euro,OTHER,331,0.17285635317177106,0.1765852906460283,0.021572464105798383,0.08022361291117493,0.07250393963610184,-0.2979864819278998,0.42413097492547097,-0.6306763808067306,-0.6028695941898987
sterling,US market,331,0.14990220941843319,0.15681305342640836,0.04610234922344891,0.10476133299864154,0.09843650853249475,-0.3524186252094536,0.35411027382958926,-0.4899553587337582,-0.5019426445158195
sterling,NODUR,331,0.1276547592817101,0.12737417537773466,-0.0021979901537102497,0.09331517975396633,0.08699035528781963,-0.33445177118020775,0.5049250477023763,-0.2768194727065538,-0.32944653476026453
sterling,DURBL,331,0.31470820106515796,0.3254739785951609,0.03420876066643719,0.13206213799120664,0.1257373135250598,-0.2530666169959702,0.025640925725545254,-0.6595729237991302,-0.745637548385627
sterling,MANUF,331,0.1925167958657709,0.20425593988331023,0.06097724598389975,0.13111992040350465,0.12479509593735781,-0.3431983280428208,0.17941995644401448,-0.42299645516902584,-0.5986429467930228
sterling,ENRGY,331,0.2347455327543101,0.24722687256849848,0.05316965851380706,0.1293150387304289,0.12299021426428217,-0.3136693013523934,0.08596065549971248,-0.5975310297197862,-0.6806762060548455
sterling,CHEMS,331,0.1434826007704303,0.15058017302531276,0.049466431586631554,0.08947373882060058,0.08314891435445382,-0.3647576233728533,0.35634918215781103,-0.26016912967086414,-0.4412684835637086
sterling,BUSEQ,331,0.23543266898102183,0.23812058518260984,0.01141692108075576,0.13457402402974852,0.12824919956360176,-0.2117588490711826,0.41239219861595944,-0.8028651776807374,-0.7878955438329382
sterling,TELCM,331,0.18019256357235414,0.18370987786026788,0.01951975274773976,0.05367755668614489,0.04735273221999803,-0.2720514718361584,0.4119043678074239,-0.7150240171486352,-0.711590437100234
sterling,UTILS,331,0.15290821575421715,0.14808349324226877,-0.03155306265363511,0.10456550395765402,0.09824067949150728,-0.23438687433378044,0.5999505306785877,-0.42646610673377794,-0.37773551639698255
sterling,SHOPS,331,0.16425555742811865,0.16077612116469292,-0.021183065692912062,0.11616476148661758,0.10983993702047079,-0.22487224437706504,0.5778382040881531,-0.38114666316325463,-0.3715126460393122
sterling,HLTH,331,0.14656933162225533,0.1445969970742406,-0.013456666044557863,0.10047145287093749,0.09414662840479068,-0.27332245901629443,0.5395257358104493,-0.39849127297139575,-0.3304215612245487
sterling,MONEY,331,0.18527727014796297,0.1978041199304824,0.0676113684777171,0.0997121866121474,0.09338736214600059,-0.3587373003881591,0.1697132472618836,-0.6153581602171441,-0.7266803438500287
sterling,OTHER,331,0.16675925231028474,0.1763548095319945,0.05754137829699291,0.08698719211195621,0.08066236764580942,-0.3513987137298006,0.2733963255921996,-0.5009043141657663,-0.5967340489583983
