lookback,estimator,year_end,promised,realised_next_12_months
60,Sample estimates,1969,0.8826107496261836,-0.8045651533525885
60,Sample estimates,1970,0.3087631804859744,1.4271078276158746
60,Sample estimates,1971,0.8353921144374891,0.6443717772142179
60,Sample estimates,1972,0.6629695349185047,-1.6173052114318698
60,Sample estimates,1973,0.2969112925708562,-0.6725777998862754
60,Sample estimates,1974,0.021154793851357677,1.018096351602307
60,Sample estimates,1975,0.21501677325573787,0.3968450535599374
60,Sample estimates,1976,0.4533420092924022,-0.30995088664459763
60,Sample estimates,1977,0.19983492633105085,0.1439809036766712
60,Sample estimates,1978,0.4726854187103578,-1.1503124045043904
60,Sample estimates,1979,1.0459087769439102,1.2948661928625584
60,Sample estimates,1980,1.0350556789298582,-1.298868929520519
60,Sample estimates,1981,0.43917299803985127,-0.18854744961686626
60,Sample estimates,1982,0.5921917516966823,0.4864397727006701
60,Sample estimates,1983,0.8058616087673616,-0.02091045761027841
60,Sample estimates,1984,0.8029873462709244,2.3564649955407946
60,Sample estimates,1985,1.2131123465582192,0.9557237883558598
60,Sample estimates,1986,1.3060202115004362,-0.00467983016875947
60,Sample estimates,1987,0.855421827668721,1.6272415373945042
60,Sample estimates,1988,0.9653581481552163,2.5671695486214827
60,Sample estimates,1989,1.2756202819820333,-0.9293175631148128
60,Sample estimates,1990,0.7367586230607321,1.6844841827501686
60,Sample estimates,1991,0.9444913893906576,-1.3266692721850406
60,Sample estimates,1992,1.1028252117924147,0.11739860802495702
60,Sample estimates,1993,0.9479393882885752,-1.3966085797428949
60,Sample estimates,1994,0.6016346348900621,2.3508807886428866
60,Sample estimates,1995,1.5839829794137514,1.6277362647512092
60,Sample estimates,1996,1.657670704758529,1.6283158010006378
60,Sample estimates,1997,1.6092581756251096,0.47344269492568786
60,Sample estimates,1998,1.4747850311215471,0.632768048481415
60,Sample estimates,1999,1.7199161004780472,-1.215543687513075
60,Sample estimates,2000,1.2157695618880993,-0.8870275716236503
60,Sample estimates,2001,0.822673421969341,-1.6235745903052952
60,Sample estimates,2002,0.12534534031729314,2.1202306477672623
60,Sample estimates,2003,0.4142320303986112,2.291504437904322
60,Sample estimates,2004,0.6507157422241054,1.0498126139731547
60,Sample estimates,2005,0.6906316658361252,1.1163081800144647
60,Sample estimates,2006,1.0801098257637045,1.0414978419191687
60,Sample estimates,2007,1.9010223373575328,-1.7894744206705586
60,Sample estimates,2008,0.570573640018481,0.8217347514963103
60,Sample estimates,2009,0.42584898260203097,1.0413270233702443
60,Sample estimates,2010,0.5321797415412252,1.1720442402012035
60,Sample estimates,2011,0.5332319757239483,1.409965609030439
60,Sample estimates,2012,0.6274942494396393,2.9394294808607735
60,Sample estimates,2013,1.62930141264902,1.1162995757537852
60,Sample estimates,2014,1.6659926791771231,0.25750552303377783
60,Sample estimates,2015,1.6306666359681028,0.20544500716506645
60,Sample estimates,2016,1.654067404110664,2.6722868609380503
60,Sample estimates,2017,1.8067424867836042,-0.49448735025379265
60,Sample estimates,2018,1.0494209356085293,2.5430441774662844
60,Sample estimates,2019,1.1732209440848982,0.8785515439980656
60,Sample estimates,2020,1.3490767170731244,2.139188665873959
60,Sample estimates,2021,1.536252149012571,-1.3812098947338645
60,Sample estimates,2022,0.6719594300981095,1.020217236109553
60,Sample estimates,2023,0.9937984676826404,2.0374265797356856
60,Sample estimates,2024,0.9379431505432624,0.9681061859462903
60,Shrinkage (Bayes-Stein + Ledoit-Wolf),1969,0.39854876947871526,-0.8372853940504518
60,Shrinkage (Bayes-Stein + Ledoit-Wolf),1970,0.03453027422244249,1.1991877264142088
60,Shrinkage (Bayes-Stein + Ledoit-Wolf),1971,0.6268029930642612,0.7825147191921029
60,Shrinkage (Bayes-Stein + Ledoit-Wolf),1972,0.6724470101677962,-1.7284320625927456
60,Shrinkage (Bayes-Stein + Ledoit-Wolf),1973,0.33483249745083465,-0.7026932061689891
60,Shrinkage (Bayes-Stein + Ledoit-Wolf),1975,0.1985303985596107,1.4753233141642264
60,Shrinkage (Bayes-Stein + Ledoit-Wolf),1976,0.686287703286446,-0.3153258563342966
60,Shrinkage (Bayes-Stein + Ledoit-Wolf),1977,0.3483302277268927,0.1453157273233533
60,Shrinkage (Bayes-Stein + Ledoit-Wolf),1978,0.4078972314439772,-0.9221105229442154
60,Shrinkage (Bayes-Stein + Ledoit-Wolf),1979,0.6572676200452591,1.2259760515903027
60,Shrinkage (Bayes-Stein + Ledoit-Wolf),1980,0.703388773317554,-1.3043038285838269
60,Shrinkage (Bayes-Stein + Ledoit-Wolf),1981,0.12846354472178348,-0.5081368237194939
60,Shrinkage (Bayes-Stein + Ledoit-Wolf),1982,0.36180674116626244,0.5631076615151877
60,Shrinkage (Bayes-Stein + Ledoit-Wolf),1983,0.5268728521799816,0.4200285632629483
60,Shrinkage (Bayes-Stein + Ledoit-Wolf),1984,0.8465933762631853,2.1030907902782308
60,Shrinkage (Bayes-Stein + Ledoit-Wolf),1985,1.2217834483079675,1.0436187786405182
60,Shrinkage (Bayes-Stein + Ledoit-Wolf),1986,1.1823558615842393,-0.1184268065611114
60,Shrinkage (Bayes-Stein + Ledoit-Wolf),1987,0.6734584022938409,1.4909819455391105
60,Shrinkage (Bayes-Stein + Ledoit-Wolf),1988,0.7518059142099204,2.7797234740197445
60,Shrinkage (Bayes-Stein + Ledoit-Wolf),1989,1.0715688501314207,-0.7837778373479344
60,Shrinkage (Bayes-Stein + Ledoit-Wolf),1990,0.5237583386530411,1.7108932172331923
60,Shrinkage (Bayes-Stein + Ledoit-Wolf),1991,0.5183718392952872,-0.9370172184882487
60,Shrinkage (Bayes-Stein + Ledoit-Wolf),1992,0.7176877093554812,0.7207728282551842
60,Shrinkage (Bayes-Stein + Ledoit-Wolf),1993,0.7345554787938188,-1.1302885134660055
60,Shrinkage (Bayes-Stein + Ledoit-Wolf),1994,0.31007306800982637,3.6500729481750187
60,Shrinkage (Bayes-Stein + Ledoit-Wolf),1995,1.2453634850133113,1.2562732834161427
60,Shrinkage (Bayes-Stein + Ledoit-Wolf),1996,1.3603654051184872,1.5876634105906087
60,Shrinkage (Bayes-Stein + Ledoit-Wolf),1997,1.2963657244484101,0.5035158071141653
60,Shrinkage (Bayes-Stein + Ledoit-Wolf),1998,1.2880517410846364,0.8213305632801743
60,Shrinkage (Bayes-Stein + Ledoit-Wolf),1999,1.534041370811213,-0.8548105256419659
60,Shrinkage (Bayes-Stein + Ledoit-Wolf),2000,1.028312323165725,-0.8148394051760485
60,Shrinkage (Bayes-Stein + Ledoit-Wolf),2001,0.5881173740678877,-1.52160592088481
60,Shrinkage (Bayes-Stein + Ledoit-Wolf),2003,0.03890156436087566,2.367092853981379
60,Shrinkage (Bayes-Stein + Ledoit-Wolf),2004,0.3990760225345015,1.0747082836461883
60,Shrinkage (Bayes-Stein + Ledoit-Wolf),2005,0.5352603136027497,1.775764043053779
60,Shrinkage (Bayes-Stein + Ledoit-Wolf),2006,0.8452834544215385,1.1523958527117464
60,Shrinkage (Bayes-Stein + Ledoit-Wolf),2007,1.616960807798233,-1.8120982808674948
60,Shrinkage (Bayes-Stein + Ledoit-Wolf),2008,0.5318054857304264,1.036398809183842
60,Shrinkage (Bayes-Stein + Ledoit-Wolf),2009,0.4228809041072697,1.0639219444106023
60,Shrinkage (Bayes-Stein + Ledoit-Wolf),2010,0.49369670328059395,1.2097030108130233
60,Shrinkage (Bayes-Stein + Ledoit-Wolf),2011,0.5665165770282394,1.4030479757387595
60,Shrinkage (Bayes-Stein + Ledoit-Wolf),2012,0.6399436122021906,2.7076599581660523
60,Shrinkage (Bayes-Stein + Ledoit-Wolf),2013,1.3993747283266886,1.5551806947745783
60,Shrinkage (Bayes-Stein + Ledoit-Wolf),2014,1.5233239482539345,0.0330518879451688
60,Shrinkage (Bayes-Stein + Ledoit-Wolf),2015,1.5185567207945014,0.9361212393403661
60,Shrinkage (Bayes-Stein + Ledoit-Wolf),2016,1.575294600280671,2.9062491085933932
60,Shrinkage (Bayes-Stein + Ledoit-Wolf),2017,1.78944089378894,-0.49167213272401644
60,Shrinkage (Bayes-Stein + Ledoit-Wolf),2018,1.0548785720909164,2.5318731886319124
60,Shrinkage (Bayes-Stein + Ledoit-Wolf),2019,1.079131168449108,0.45359916114879556
60,Shrinkage (Bayes-Stein + Ledoit-Wolf),2020,1.0906853420849516,1.8174993156549388
60,Shrinkage (Bayes-Stein + Ledoit-Wolf),2021,1.1334489344211272,-0.9137860640448155
60,Shrinkage (Bayes-Stein + Ledoit-Wolf),2022,0.5787042163117614,-0.003032402746017739
60,Shrinkage (Bayes-Stein + Ledoit-Wolf),2023,0.5012498387973389,1.8177234067377355
60,Shrinkage (Bayes-Stein + Ledoit-Wolf),2024,0.44190593881807066,1.0220633219080724
120,Sample estimates,1969,0.602476355630834,-0.1806126743857028
120,Sample estimates,1970,0.5760183478951969,0.8841816630326337
120,Sample estimates,1971,0.46861545155411505,2.401843678519729
120,Sample estimates,1972,0.8369451675169586,-1.6436091591958113
120,Sample estimates,1973,0.554120100136996,-0.7467477238785422
120,Sample estimates,1974,0.2155916439666051,0.24620049387967138
120,Sample estimates,1975,0.1095590803921931,0.14624568183918876
120,Sample estimates,1976,0.2986030242159095,-0.8593716616649005
120,Sample estimates,1977,0.17918640182830167,0.14563563498099386
120,Sample estimates,1978,0.1420395449821916,-1.1503124045043904
120,Sample estimates,1979,0.456478961266175,1.281626071077993
120,Sample estimates,1980,0.5837485633336478,-1.329340219187321
120,Sample estimates,1981,0.4125350898530168,-0.3772432536837297
120,Sample estimates,1982,0.25437994648593265,0.5664679308273104
120,Sample estimates,1983,0.43829783157205654,0.5554973381961519
120,Sample estimates,1984,0.7669634795677879,2.3688115070071394
120,Sample estimates,1985,0.7968641257184693,0.9291366800159516
120,Sample estimates,1986,0.7402216050920701,0.22598443134947824
120,Sample estimates,1987,0.7003344694820143,1.9731911211375592
120,Sample estimates,1988,0.8393481768209149,1.9011645080403412
120,Sample estimates,1989,1.0267014025229795,-0.5993706840444186
120,Sample estimates,1990,0.8924451375214821,1.6256043915654714
120,Sample estimates,1991,1.0404327381705019,0.3252140745649885
120,Sample estimates,1992,0.943618804080384,0.12931400157762393
120,Sample estimates,1993,0.8972945420489387,-1.0299520149192167
120,Sample estimates,1994,0.8035563453987663,5.371626874151832
120,Sample estimates,1995,0.8218160119371726,0.6195673755662079
120,Sample estimates,1996,0.8162145846405412,1.8730034170918877
120,Sample estimates,1997,1.1894141415648471,0.2500422861831063
120,Sample estimates,1998,1.1123828033462242,0.5405546971491764
120,Sample estimates,1999,1.124116621486006,-1.005499982928453
120,Sample estimates,2000,1.2393914466429379,-0.796940092451092
120,Sample estimates,2001,0.8837456147467584,-1.060849814759101
120,Sample estimates,2002,0.6533820670781944,2.4625717025512595
120,Sample estimates,2003,0.7993412944242784,1.3165299045792118
120,Sample estimates,2004,0.9039655438340876,1.1756590324974183
120,Sample estimates,2005,0.7697494805094702,1.192143053393768
120,Sample estimates,2006,0.7419862974147143,0.7487886797418901
120,Sample estimates,2007,0.7097235046927225,-1.517539978330454
120,Sample estimates,2008,0.4800692790632629,0.701343487889761
120,Sample estimates,2009,0.5291260214977774,1.0923409377542266
120,Sample estimates,2010,0.545098502999639,0.5813445663290936
120,Sample estimates,2011,0.6546494271855022,0.9807378934837199
120,Sample estimates,2012,0.8608488655585659,2.0693809857852465
120,Sample estimates,2013,0.8832564493662725,1.2442223659481642
120,Sample estimates,2014,0.8897077383536707,0.2869758040233497
120,Sample estimates,2015,0.9118638052837365,0.7364549506590674
120,Sample estimates,2016,0.8568633472498723,2.319643933648898
120,Sample estimates,2017,0.9728334629447637,-0.23587373580056803
120,Sample estimates,2018,1.2623390797923522,2.2622128232511143
120,Sample estimates,2019,1.3185206411855128,0.7873478196307557
120,Sample estimates,2020,1.2815353177565134,1.8013873429924552
120,Sample estimates,2021,1.4065098476096929,-1.0180054215199443
120,Sample estimates,2022,1.0082367413553723,1.0082110465914682
120,Sample estimates,2023,0.9446812849685933,2.1948523720156254
120,Sample estimates,2024,0.9882524236107881,1.0227701848024164
120,Shrinkage (Bayes-Stein + Ledoit-Wolf),1969,0.432692086842334,-0.09914715631831045
120,Shrinkage (Bayes-Stein + Ledoit-Wolf),1970,0.2888157901252109,0.9139710676940332
120,Shrinkage (Bayes-Stein + Ledoit-Wolf),1971,0.18619420296577552,2.476744177969433
120,Shrinkage (Bayes-Stein + Ledoit-Wolf),1972,0.5258664984534529,-1.5328797620337216
120,Shrinkage (Bayes-Stein + Ledoit-Wolf),1973,0.3366202667031755,-0.7811298273817968
120,Shrinkage (Bayes-Stein + Ledoit-Wolf),1975,0.015589516228667399,-0.12798005795756118
120,Shrinkage (Bayes-Stein + Ledoit-Wolf),1976,0.2589210070358554,-0.815438334213251
120,Shrinkage (Bayes-Stein + Ledoit-Wolf),1977,0.19781508897487657,0.14587208645959188
120,Shrinkage (Bayes-Stein + Ledoit-Wolf),1978,0.23047285748797627,-0.241207731294427
120,Shrinkage (Bayes-Stein + Ledoit-Wolf),1979,0.28134055471842967,1.1630732846179026
120,Shrinkage (Bayes-Stein + Ledoit-Wolf),1980,0.23827935661652755,-0.9104066330421453
120,Shrinkage (Bayes-Stein + Ledoit-Wolf),1981,0.31856822127385914,0.03546190531500319
120,Shrinkage (Bayes-Stein + Ledoit-Wolf),1982,0.1948244216220528,0.46495782286825876
120,Shrinkage (Bayes-Stein + Ledoit-Wolf),1983,0.34438465979180327,0.7381143941455917
120,Shrinkage (Bayes-Stein + Ledoit-Wolf),1984,0.6931255312500845,2.170066299306815
120,Shrinkage (Bayes-Stein + Ledoit-Wolf),1985,0.7379782373834416,0.9865383616863616
120,Shrinkage (Bayes-Stein + Ledoit-Wolf),1986,0.6165621525094508,0.0827780618232918
120,Shrinkage (Bayes-Stein + Ledoit-Wolf),1987,0.5330701612773983,1.6517608737226475
120,Shrinkage (Bayes-Stein + Ledoit-Wolf),1988,0.7192502112667378,2.4725341995763794
120,Shrinkage (Bayes-Stein + Ledoit-Wolf),1989,0.9171699148100283,-0.6609299430865511
120,Shrinkage (Bayes-Stein + Ledoit-Wolf),1990,0.7307608135846687,1.7260549835579746
120,Shrinkage (Bayes-Stein + Ledoit-Wolf),1991,0.8138496043868393,0.45210838653163143
120,Shrinkage (Bayes-Stein + Ledoit-Wolf),1992,0.7029425221681925,0.7102111061312791
120,Shrinkage (Bayes-Stein + Ledoit-Wolf),1993,0.6777882797706403,-1.040617050436151
120,Shrinkage (Bayes-Stein + Ledoit-Wolf),1994,0.5467833003058774,4.371543024045221
120,Shrinkage (Bayes-Stein + Ledoit-Wolf),1995,0.5942285575990118,0.7442377690914741
120,Shrinkage (Bayes-Stein + Ledoit-Wolf),1996,0.6126407693950014,2.0402663261393275
120,Shrinkage (Bayes-Stein + Ledoit-Wolf),1997,0.9492265819019872,0.2683533581447416
120,Shrinkage (Bayes-Stein + Ledoit-Wolf),1998,0.9385352059057718,0.4872608063711234
120,Shrinkage (Bayes-Stein + Ledoit-Wolf),1999,0.9339362057937131,-0.7940726950217563
120,Shrinkage (Bayes-Stein + Ledoit-Wolf),2000,1.0631446989441937,-0.8082800771035556
120,Shrinkage (Bayes-Stein + Ledoit-Wolf),2001,0.680662761245696,-1.1308581256085894
120,Shrinkage (Bayes-Stein + Ledoit-Wolf),2002,0.44182249817078756,2.441985511364353
120,Shrinkage (Bayes-Stein + Ledoit-Wolf),2003,0.5925788084701882,1.4696017058198505
120,Shrinkage (Bayes-Stein + Ledoit-Wolf),2004,0.6892746630202042,1.065477970737479
120,Shrinkage (Bayes-Stein + Ledoit-Wolf),2005,0.5564096623683519,1.457601715155503
120,Shrinkage (Bayes-Stein + Ledoit-Wolf),2006,0.5455604107114952,0.8686474770850224
120,Shrinkage (Bayes-Stein + Ledoit-Wolf),2007,0.48435158865403083,-1.6576610899751245
120,Shrinkage (Bayes-Stein + Ledoit-Wolf),2008,0.21394910060272582,0.701343487889761
120,Shrinkage (Bayes-Stein + Ledoit-Wolf),2009,0.3466768839158951,1.1129002992263468
120,Shrinkage (Bayes-Stein + Ledoit-Wolf),2010,0.4189848082954136,0.7373960261620581
120,Shrinkage (Bayes-Stein + Ledoit-Wolf),2011,0.5958523288424761,1.2720186921888468
120,Shrinkage (Bayes-Stein + Ledoit-Wolf),2012,0.8687626346568472,2.2273009132356654
120,Shrinkage (Bayes-Stein + Ledoit-Wolf),2013,0.8954673143758818,1.6776393449626794
120,Shrinkage (Bayes-Stein + Ledoit-Wolf),2014,0.9001857066729063,0.16898704314555058
120,Shrinkage (Bayes-Stein + Ledoit-Wolf),2015,0.8532361221932732,0.918201410606317
120,Shrinkage (Bayes-Stein + Ledoit-Wolf),2016,0.7773932652780763,2.646983901983399
120,Shrinkage (Bayes-Stein + Ledoit-Wolf),2017,0.8450981895436337,-0.26656961928658346
120,Shrinkage (Bayes-Stein + Ledoit-Wolf),2018,1.1881412188775051,2.2674262263594187
120,Shrinkage (Bayes-Stein + Ledoit-Wolf),2019,1.3045434580900586,0.5662878135465794
120,Shrinkage (Bayes-Stein + Ledoit-Wolf),2020,1.295070833257893,1.5739826482938026
120,Shrinkage (Bayes-Stein + Ledoit-Wolf),2021,1.2851764600293611,-0.7419765648266791
120,Shrinkage (Bayes-Stein + Ledoit-Wolf),2022,0.9492963274965911,0.16699215616848517
120,Shrinkage (Bayes-Stein + Ledoit-Wolf),2023,0.715483685268493,1.63263305410927
120,Shrinkage (Bayes-Stein + Ledoit-Wolf),2024,0.7038371174249369,1.2551576483076405
